[{"model": "block.editstate", "pk": 1, "fields": {"name": "add", "slug": "add"}}, {"model": "block.editstate", "pk": 2, "fields": {"name": "edit", "slug": "edit"}}, {"model": "block.editstate", "pk": 3, "fields": {"name": "push", "slug": "push"}}, {"model": "block.moderatestate", "pk": 1, "fields": {"name": "pending", "slug": "pending"}}, {"model": "block.moderatestate", "pk": 2, "fields": {"name": "published", "slug": "published"}}, {"model": "block.moderatestate", "pk": 3, "fields": {"name": "removed", "slug": "removed"}}, {"model": "block.template", "pk": 1, "fields": {"created": "2017-03-14T10:27:27.589Z", "modified": "2017-03-14T10:27:27.589Z", "name": "General", "template_name": "web/page_article.html", "deleted": false}}, {"model": "block.template", "pk": 2, "fields": {"created": "2017-03-14T10:37:15.374Z", "modified": "2017-03-14T10:37:15.374Z", "name": "Contact", "template_name": "web/page_contact.html", "deleted": false}}, {"model": "block.page", "pk": 1, "fields": {"created": "2017-03-14T10:39:24.629Z", "modified": "2017-03-14T10:39:24.629Z", "name": "Home", "slug": "home", "slug_menu": "", "order": 0, "is_home": true, "template": 1, "deleted": false, "is_custom": false, "meta_description": "", "meta_keywords": ""}}, {"model": "block.page", "pk": 2, "fields": {"created": "2017-03-14T10:39:53.308Z", "modified": "2017-03-14T10:39:53.308Z", "name": "Workflow", "slug": "workflow", "slug_menu": "", "order": 0, "is_home": false, "template": 1, "deleted": false, "is_custom": false, "meta_description": "", "meta_keywords": ""}}, {"model": "block.page", "pk": 3, "fields": {"created": "2017-03-14T10:40:31.642Z", "modified": "2017-03-14T10:40:31.642Z", "name": "Technical", "slug": "technical", "slug_menu": "", "order": 0, "is_home": false, "template": 1, "deleted": false, "is_custom": false, "meta_description": "", "meta_keywords": ""}}, {"model": "block.page", "pk": 4, "fields": {"created": "2017-03-14T11:29:38.885Z", "modified": "2017-03-14T11:29:57.142Z", "name": "Portfolio", "slug": "portfolio", "slug_menu": "", "order": 0, "is_home": false, "template": 1, "deleted": false, "is_custom": false, "meta_description": "", "meta_keywords": ""}}, {"model": "block.page", "pk": 5, "fields": {"created": "2017-03-14T11:30:21.672Z", "modified": "2017-03-14T11:30:21.672Z", "name": "About", "slug": "about", "slug_menu": "", "order": 0, "is_home": false, "template": 1, "deleted": false, "is_custom": false, "meta_description": "", "meta_keywords": ""}}, {"model": "block.section", "pk": 1, "fields": {"created": "2017-03-14T10:32:28.060Z", "modified": "2017-03-14T10:32:28.060Z", "name": "Article", "slug": "article", "block_app": "compose", "block_model": "Article", "create_url_name": "compose.article.create", "paginated": null}}, {"model": "block.section", "pk": 2, "fields": {"created": "2017-03-14T10:35:03.020Z", "modified": "2017-03-14T10:35:03.020Z", "name": "Feature", "slug": "feature_a", "block_app": "compose", "block_model": "Feature", "create_url_name": "compose.feature.create", "paginated": null}}, {"model": "block.section", "pk": 3, "fields": {"created": "2017-03-14T10:36:02.023Z", "modified": "2017-03-14T10:36:02.023Z", "name": "Slideshow", "slug": "slideshow", "block_app": "compose", "block_model": "Slideshow", "create_url_name": "compose.slideshow.create", "paginated": null}}, {"model": "block.pagesection", "pk": 1, "fields": {"page": 1, "section": 1}}, {"model": "block.pagesection", "pk": 2, "fields": {"page": 1, "section": 2}}, {"model": "block.pagesection", "pk": 3, "fields": {"page": 1, "section": 3}}, {"model": "block.pagesection", "pk": 4, "fields": {"page": 2, "section": 1}}, {"model": "block.pagesection", "pk": 5, "fields": {"page": 2, "section": 2}}, {"model": "block.pagesection", "pk": 6, "fields": {"page": 2, "section": 3}}, {"model": "block.pagesection", "pk": 7, "fields": {"page": 3, "section": 1}}, {"model": "block.pagesection", "pk": 8, "fields": {"page": 3, "section": 2}}, {"model": "block.pagesection", "pk": 9, "fields": {"page": 3, "section": 3}}, {"model": "block.pagesection", "pk": 10, "fields": {"page": 4, "section": 1}}, {"model": "block.pagesection", "pk": 11, "fields": {"page": 4, "section": 2}}, {"model": "block.pagesection", "pk": 12, "fields": {"page": 4, "section": 3}}, {"model": "block.pagesection", "pk": 13, "fields": {"page": 5, "section": 1}}, {"model": "block.pagesection", "pk": 14, "fields": {"page": 5, "section": 2}}, {"model": "block.pagesection", "pk": 15, "fields": {"page": 5, "section": 3}}, {"model": "block.image", "pk": 1, "fields": {"created": "2017-03-14T11:13:38.358Z", "modified": "2017-03-14T11:13:38.358Z", "title": "Placeholder 1", "image": "link/image/feature-placeholder-1.png", "original_file_name": "feature-placeholder-1.png", "deleted": false, "category": null}}, {"model": "block.image", "pk": 2, "fields": {"created": "2017-03-14T11:24:27.826Z", "modified": "2017-03-14T11:24:27.826Z", "title": "kbsoftware", "image": "link/image/slideshow-kbsoftware.png", "original_file_name": "slideshow-kbsoftware.png", "deleted": false, "category": null}}, {"model": "block.image", "pk": 3, "fields": {"created": "2017-03-14T11:28:38.623Z", "modified": "2017-03-14T11:28:38.623Z", "title": "Place holder 2", "image": "link/image/feature-placeholder-2.png", "original_file_name": "feature-placeholder-2.png", "deleted": false, "category": null}}, {"model": "block.image", "pk": 4, "fields": {"created": "2017-03-14T11:58:52.407Z", "modified": "2017-03-14T11:58:52.407Z", "title": "Placeholder 3", "image": "link/image/feature-placeholder-3.png", "original_file_name": "feature-placeholder-3.png", "deleted": false, "category": null}}, {"model": "block.image", "pk": 5, "fields": {"created": "2017-03-14T11:59:33.821Z", "modified": "2017-03-14T11:59:33.821Z", "title": "Placeholder 4", "image": "link/image/feature-placeholder-4.png", "original_file_name": "feature-placeholder-4.png", "deleted": false, "category": null}}, {"model": "block.url", "pk": 1, "fields": {"title": "Home", "url_type": "p", "page": 1, "name": "", "arg1": "", "arg2": "", "arg3": "", "deleted": false}}, {"model": "block.url", "pk": 2, "fields": {"title": "Workflow", "url_type": "p", "page": 2, "name": "", "arg1": "", "arg2": "", "arg3": "", "deleted": false}}, {"model": "block.url", "pk": 3, "fields": {"title": "Technical", "url_type": "p", "page": 3, "name": "", "arg1": "", "arg2": "", "arg3": "", "deleted": false}}, {"model": "block.url", "pk": 4, "fields": {"title": "Portfolio", "url_type": "p", "page": 4, "name": "", "arg1": "", "arg2": "", "arg3": "", "deleted": false}}, {"model": "block.url", "pk": 5, "fields": {"title": "About", "url_type": "p", "page": 5, "name": "", "arg1": "", "arg2": "", "arg3": "", "deleted": false}}, {"model": "block.link", "pk": 1, "fields": {"created": "2017-03-14T11:10:27.414Z", "modified": "2017-03-14T11:10:27.414Z", "title": "Home", "link_type": "r", "category": null, "deleted": false, "document": null, "url_external": null, "url_internal": 1}}, {"model": "block.link", "pk": 2, "fields": {"created": "2017-03-14T11:11:14.960Z", "modified": "2017-03-14T11:11:14.960Z", "title": "Business Workflow", "link_type": "r", "category": null, "deleted": false, "document": null, "url_external": null, "url_internal": 2}}, {"model": "block.link", "pk": 3, "fields": {"created": "2017-03-14T11:11:55.242Z", "modified": "2017-03-14T11:11:55.242Z", "title": "Technical", "link_type": "r", "category": null, "deleted": false, "document": null, "url_external": null, "url_internal": 3}}, {"model": "block.link", "pk": 4, "fields": {"created": "2017-03-14T11:31:38.412Z", "modified": "2017-03-14T11:31:38.412Z", "title": "Portfolio", "link_type": "r", "category": null, "deleted": false, "document": null, "url_external": null, "url_internal": 4}}, {"model": "block.link", "pk": 5, "fields": {"created": "2017-03-14T11:31:53.825Z", "modified": "2017-03-14T11:31:53.825Z", "title": "About", "link_type": "r", "category": null, "deleted": false, "document": null, "url_external": null, "url_internal": 5}}, {"model": "block.templatesection", "pk": 1, "fields": {"created": "2017-03-14T10:36:23.065Z", "modified": "2017-03-14T10:36:23.065Z", "template": 1, "section": 1}}, {"model": "block.templatesection", "pk": 2, "fields": {"created": "2017-03-14T10:36:28.344Z", "modified": "2017-03-14T10:36:28.344Z", "template": 1, "section": 2}}, {"model": "block.templatesection", "pk": 3, "fields": {"created": "2017-03-14T10:36:33.083Z", "modified": "2017-03-14T10:36:33.083Z", "template": 1, "section": 3}}, {"model": "block.templatesection", "pk": 4, "fields": {"created": "2017-03-14T10:37:22.401Z", "modified": "2017-03-14T10:37:22.402Z", "template": 2, "section": 1}}, {"model": "block.templatesection", "pk": 5, "fields": {"created": "2017-03-14T10:37:28.018Z", "modified": "2017-03-14T10:37:28.018Z", "template": 2, "section": 2}}, {"model": "block.templatesection", "pk": 6, "fields": {"created": "2017-03-14T10:37:33.193Z", "modified": "2017-03-14T10:37:33.193Z", "template": 2, "section": 3}}, {"model": "block.menu", "pk": 1, "fields": {"created": "2017-03-14T11:06:00.780Z", "modified": "2017-03-14T11:06:00.780Z", "deleted": false, "date_deleted": null, "user_deleted": null, "slug": "main", "title": "Navigation Menu", "navigation": true}}, {"model": "block.menuitem", "pk": 1, "fields": {"created": "2017-03-14T11:06:14.550Z", "modified": "2017-03-14T11:10:27.487Z", "deleted": false, "date_deleted": null, "user_deleted": null, "menu": 1, "slug": "home", "parent": null, "title": "Home", "order": 1, "link": 1}}, {"model": "block.menuitem", "pk": 2, "fields": {"created": "2017-03-14T11:10:56.389Z", "modified": "2017-03-14T11:11:14.980Z", "deleted": false, "date_deleted": null, "user_deleted": null, "menu": 1, "slug": "business-workflow", "parent": null, "title": "Business Workflow", "order": 2, "link": 2}}, {"model": "block.menuitem", "pk": 3, "fields": {"created": "2017-03-14T11:11:29.734Z", "modified": "2017-03-14T11:11:55.263Z", "deleted": false, "date_deleted": null, "user_deleted": null, "menu": 1, "slug": "technical", "parent": null, "title": "Technical", "order": 3, "link": 3}}, {"model": "block.menuitem", "pk": 4, "fields": {"created": "2017-03-14T11:31:06.603Z", "modified": "2017-03-14T11:31:38.433Z", "deleted": false, "date_deleted": null, "user_deleted": null, "menu": 1, "slug": "portfolio", "parent": null, "title": "Portfolio", "order": 4, "link": 4}}, {"model": "block.menuitem", "pk": 5, "fields": {"created": "2017-03-14T11:31:18.496Z", "modified": "2017-03-14T11:31:53.847Z", "deleted": false, "date_deleted": null, "user_deleted": null, "menu": 1, "slug": "about", "parent": null, "title": "About", "order": 9, "link": 5}}]