[{"model": "block.editstate", "pk": 1, "fields": {"name": "add", "slug": "add"}}, {"model": "block.editstate", "pk": 2, "fields": {"name": "edit", "slug": "edit"}}, {"model": "block.editstate", "pk": 3, "fields": {"name": "push", "slug": "push"}}, {"model": "block.moderatestate", "pk": 1, "fields": {"name": "pending", "slug": "pending"}}, {"model": "block.moderatestate", "pk": 2, "fields": {"name": "published", "slug": "published"}}, {"model": "block.moderatestate", "pk": 3, "fields": {"name": "removed", "slug": "removed"}}, {"model": "block.template", "pk": 1, "fields": {"created": "2017-03-14T10:27:27.589Z", "modified": "2017-03-14T10:27:27.589Z", "name": "General", "template_name": "web/page_article.html", "deleted": false}}, {"model": "block.template", "pk": 2, "fields": {"created": "2017-03-14T10:37:15.374Z", "modified": "2017-03-14T10:37:15.374Z", "name": "Contact", "template_name": "web/page_contact.html", "deleted": false}}, {"model": "block.page", "pk": 1, "fields": {"created": "2017-03-14T10:39:24.629Z", "modified": "2017-03-14T10:39:24.629Z", "name": "Home", "slug": "home", "slug_menu": "", "order": 0, "is_home": true, "template": 1, "deleted": false, "is_custom": false, "meta_description": "", "meta_keywords": ""}}, {"model": "block.page", "pk": 2, "fields": {"created": "2017-03-14T10:39:53.308Z", "modified": "2017-03-14T10:39:53.308Z", "name": "Workflow", "slug": "workflow", "slug_menu": "", "order": 0, "is_home": false, "template": 1, "deleted": false, "is_custom": false, "meta_description": "", "meta_keywords": ""}}, {"model": "block.page", "pk": 3, "fields": {"created": "2017-03-14T10:40:31.642Z", "modified": "2017-03-14T10:40:31.642Z", "name": "Technical", "slug": "technical", "slug_menu": "", "order": 0, "is_home": false, "template": 1, "deleted": false, "is_custom": false, "meta_description": "", "meta_keywords": ""}}, {"model": "block.page", "pk": 4, "fields": {"created": "2017-03-14T11:29:38.885Z", "modified": "2017-03-14T11:29:57.142Z", "name": "Portfolio", "slug": "portfolio", "slug_menu": "", "order": 0, "is_home": false, "template": 1, "deleted": false, "is_custom": false, "meta_description": "", "meta_keywords": ""}}, {"model": "block.page", "pk": 5, "fields": {"created": "2017-03-14T11:30:21.672Z", "modified": "2017-03-14T11:30:21.672Z", "name": "About", "slug": "about", "slug_menu": "", "order": 0, "is_home": false, "template": 1, "deleted": false, "is_custom": false, "meta_description": "", "meta_keywords": ""}}, {"model": "block.section", "pk": 1, "fields": {"created": "2017-03-14T10:32:28.060Z", "modified": "2017-04-06T09:46:30.839Z", "name": "Article", "slug": "body", "block_app": "compose", "block_model": "Article", "create_url_name": "compose.article.create", "paginated": null}}, {"model": "block.section", "pk": 2, "fields": {"created": "2017-03-14T10:35:03.020Z", "modified": "2017-03-14T10:35:03.020Z", "name": "Feature", "slug": "feature_a", "block_app": "compose", "block_model": "Feature", "create_url_name": "compose.feature.create", "paginated": null}}, {"model": "block.section", "pk": 3, "fields": {"created": "2017-03-14T10:36:02.023Z", "modified": "2017-03-14T10:36:02.023Z", "name": "Slideshow", "slug": "slideshow", "block_app": "compose", "block_model": "Slideshow", "create_url_name": "compose.slideshow.create", "paginated": null}}, {"model": "block.pagesection", "pk": 1, "fields": {"page": 1, "section": 1}}, {"model": "block.pagesection", "pk": 2, "fields": {"page": 1, "section": 2}}, {"model": "block.pagesection", "pk": 3, "fields": {"page": 1, "section": 3}}, {"model": "block.pagesection", "pk": 4, "fields": {"page": 2, "section": 1}}, {"model": "block.pagesection", "pk": 5, "fields": {"page": 2, "section": 2}}, {"model": "block.pagesection", "pk": 6, "fields": {"page": 2, "section": 3}}, {"model": "block.pagesection", "pk": 7, "fields": {"page": 3, "section": 1}}, {"model": "block.pagesection", "pk": 8, "fields": {"page": 3, "section": 2}}, {"model": "block.pagesection", "pk": 9, "fields": {"page": 3, "section": 3}}, {"model": "block.pagesection", "pk": 10, "fields": {"page": 4, "section": 1}}, {"model": "block.pagesection", "pk": 11, "fields": {"page": 4, "section": 2}}, {"model": "block.pagesection", "pk": 12, "fields": {"page": 4, "section": 3}}, {"model": "block.pagesection", "pk": 13, "fields": {"page": 5, "section": 1}}, {"model": "block.pagesection", "pk": 14, "fields": {"page": 5, "section": 2}}, {"model": "block.pagesection", "pk": 15, "fields": {"page": 5, "section": 3}}, {"model": "block.image", "pk": 1, "fields": {"created": "2017-03-14T11:13:38.358Z", "modified": "2017-03-14T11:13:38.358Z", "title": "Placeholder 1", "image": "link/image/feature-placeholder-1.png", "original_file_name": "feature-placeholder-1.png", "user": null, "deleted": false, "category": null}}, {"model": "block.image", "pk": 2, "fields": {"created": "2017-03-14T11:24:27.826Z", "modified": "2017-03-14T11:24:27.826Z", "title": "kbsoftware", "image": "link/image/slideshow-kbsoftware.png", "original_file_name": "slideshow-kbsoftware.png", "user": null, "deleted": false, "category": null}}, {"model": "block.image", "pk": 3, "fields": {"created": "2017-03-14T11:28:38.623Z", "modified": "2017-03-14T11:28:38.623Z", "title": "Place holder 2", "image": "link/image/feature-placeholder-2.png", "original_file_name": "feature-placeholder-2.png", "user": null, "deleted": false, "category": null}}, {"model": "block.image", "pk": 4, "fields": {"created": "2017-03-14T11:58:52.407Z", "modified": "2017-03-14T11:58:52.407Z", "title": "Placeholder 3", "image": "link/image/feature-placeholder-3.png", "original_file_name": "feature-placeholder-3.png", "user": null, "deleted": false, "category": null}}, {"model": "block.image", "pk": 5, "fields": {"created": "2017-03-14T11:59:33.821Z", "modified": "2017-03-14T11:59:33.821Z", "title": "Placeholder 4", "image": "link/image/feature-placeholder-4.png", "original_file_name": "feature-placeholder-4.png", "user": null, "deleted": false, "category": null}}, {"model": "block.image", "pk": 6, "fields": {"created": "2017-04-06T09:38:07.611Z", "modified": "2017-04-06T09:38:07.655Z", "title": "Weir", "image": "link/image/weir.jpg", "original_file_name": "weir.jpg", "user": 5, "deleted": false, "category": null}}, {"model": "block.image", "pk": 7, "fields": {"created": "2017-04-06T09:38:40.042Z", "modified": "2017-04-06T09:38:40.058Z", "title": "Mountains", "image": "link/image/mountains.jpg", "original_file_name": "mountains.jpg", "user": 5, "deleted": false, "category": null}}, {"model": "block.image", "pk": 8, "fields": {"created": "2017-04-06T09:51:32.905Z", "modified": "2017-04-06T09:51:32.920Z", "title": "Open Source Gears", "image": "link/image/open-source.png", "original_file_name": "open-source.png", "user": 5, "deleted": false, "category": null}}, {"model": "block.image", "pk": 9, "fields": {"created": "2017-04-06T09:53:52.904Z", "modified": "2017-04-06T09:53:52.919Z", "title": "Postgresql", "image": "link/image/PostgreSQL_logo.png", "original_file_name": "PostgreSQL_logo.png", "user": 5, "deleted": false, "category": null}}, {"model": "block.image", "pk": 10, "fields": {"created": "2017-04-06T09:58:32.050Z", "modified": "2017-04-06T09:58:32.065Z", "title": "Handshake", "image": "link/image/handshake-logo.png", "original_file_name": "handshake-logo.png", "user": 5, "deleted": false, "category": null}}, {"model": "block.url", "pk": 1, "fields": {"title": "Home", "url_type": "p", "page": 1, "name": "", "arg1": "", "arg2": "", "arg3": "", "deleted": false}}, {"model": "block.url", "pk": 2, "fields": {"title": "Workflow", "url_type": "p", "page": 2, "name": "", "arg1": "", "arg2": "", "arg3": "", "deleted": false}}, {"model": "block.url", "pk": 3, "fields": {"title": "Technical", "url_type": "p", "page": 3, "name": "", "arg1": "", "arg2": "", "arg3": "", "deleted": false}}, {"model": "block.url", "pk": 4, "fields": {"title": "Portfolio", "url_type": "p", "page": 4, "name": "", "arg1": "", "arg2": "", "arg3": "", "deleted": false}}, {"model": "block.url", "pk": 5, "fields": {"title": "About", "url_type": "p", "page": 5, "name": "", "arg1": "", "arg2": "", "arg3": "", "deleted": false}}, {"model": "block.link", "pk": 1, "fields": {"created": "2017-03-14T11:10:27.414Z", "modified": "2017-03-14T11:10:27.414Z", "title": "Home", "link_type": "r", "category": null, "deleted": false, "document": null, "url_external": null, "url_internal": 1}}, {"model": "block.link", "pk": 2, "fields": {"created": "2017-03-14T11:11:14.960Z", "modified": "2017-03-14T11:11:14.960Z", "title": "Business Workflow", "link_type": "r", "category": null, "deleted": false, "document": null, "url_external": null, "url_internal": 2}}, {"model": "block.link", "pk": 3, "fields": {"created": "2017-03-14T11:11:55.242Z", "modified": "2017-03-14T11:11:55.242Z", "title": "Technical", "link_type": "r", "category": null, "deleted": false, "document": null, "url_external": null, "url_internal": 3}}, {"model": "block.link", "pk": 4, "fields": {"created": "2017-03-14T11:31:38.412Z", "modified": "2017-03-14T11:31:38.412Z", "title": "Portfolio", "link_type": "r", "category": null, "deleted": false, "document": null, "url_external": null, "url_internal": 4}}, {"model": "block.link", "pk": 5, "fields": {"created": "2017-03-14T11:31:53.825Z", "modified": "2017-03-14T11:31:53.825Z", "title": "About", "link_type": "r", "category": null, "deleted": false, "document": null, "url_external": null, "url_internal": 5}}, {"model": "block.templatesection", "pk": 1, "fields": {"created": "2017-03-14T10:36:23.065Z", "modified": "2017-03-14T10:36:23.065Z", "template": 1, "section": 1}}, {"model": "block.templatesection", "pk": 2, "fields": {"created": "2017-03-14T10:36:28.344Z", "modified": "2017-03-14T10:36:28.344Z", "template": 1, "section": 2}}, {"model": "block.templatesection", "pk": 3, "fields": {"created": "2017-03-14T10:36:33.083Z", "modified": "2017-03-14T10:36:33.083Z", "template": 1, "section": 3}}, {"model": "block.templatesection", "pk": 4, "fields": {"created": "2017-03-14T10:37:22.401Z", "modified": "2017-03-14T10:37:22.402Z", "template": 2, "section": 1}}, {"model": "block.templatesection", "pk": 5, "fields": {"created": "2017-03-14T10:37:28.018Z", "modified": "2017-03-14T10:37:28.018Z", "template": 2, "section": 2}}, {"model": "block.templatesection", "pk": 6, "fields": {"created": "2017-03-14T10:37:33.193Z", "modified": "2017-03-14T10:37:33.193Z", "template": 2, "section": 3}}, {"model": "block.menu", "pk": 1, "fields": {"created": "2017-03-14T11:06:00.780Z", "modified": "2017-03-14T11:06:00.780Z", "deleted": false, "date_deleted": null, "user_deleted": null, "slug": "main", "title": "Navigation Menu", "navigation": true}}, {"model": "block.menuitem", "pk": 1, "fields": {"created": "2017-03-14T11:06:14.550Z", "modified": "2017-03-14T11:10:27.487Z", "deleted": false, "date_deleted": null, "user_deleted": null, "menu": 1, "slug": "home", "parent": null, "title": "Home", "order": 1, "link": 1}}, {"model": "block.menuitem", "pk": 2, "fields": {"created": "2017-03-14T11:10:56.389Z", "modified": "2017-03-14T11:11:14.980Z", "deleted": false, "date_deleted": null, "user_deleted": null, "menu": 1, "slug": "business-workflow", "parent": null, "title": "Business Workflow", "order": 2, "link": 2}}, {"model": "block.menuitem", "pk": 3, "fields": {"created": "2017-03-14T11:11:29.734Z", "modified": "2017-03-14T11:11:55.263Z", "deleted": false, "date_deleted": null, "user_deleted": null, "menu": 1, "slug": "technical", "parent": null, "title": "Technical", "order": 3, "link": 3}}, {"model": "block.menuitem", "pk": 4, "fields": {"created": "2017-03-14T11:31:06.603Z", "modified": "2017-03-14T11:31:38.433Z", "deleted": false, "date_deleted": null, "user_deleted": null, "menu": 1, "slug": "portfolio", "parent": null, "title": "Portfolio", "order": 4, "link": 4}}, {"model": "block.menuitem", "pk": 5, "fields": {"created": "2017-03-14T11:31:18.496Z", "modified": "2017-03-14T11:31:53.847Z", "deleted": false, "date_deleted": null, "user_deleted": null, "menu": 1, "slug": "about", "parent": null, "title": "About", "order": 9, "link": 5}}, {"model": "compose.articleblock", "pk": 1, "fields": {"created": "2017-04-06T09:48:31.342Z", "modified": "2017-04-06T09:48:31.342Z", "page_section": 1}}, {"model": "compose.articleblock", "pk": 2, "fields": {"created": "2017-04-06T09:52:23.562Z", "modified": "2017-04-06T09:52:23.562Z", "page_section": 1}}, {"model": "compose.articleblock", "pk": 3, "fields": {"created": "2017-04-06T09:54:49.095Z", "modified": "2017-04-06T09:54:49.095Z", "page_section": 1}}, {"model": "compose.article", "pk": 1, "fields": {"created": "2017-04-06T09:48:31.365Z", "modified": "2017-04-06T10:00:10.177Z", "moderate_state": 1, "date_moderated": null, "user_moderated": null, "edit_state": 3, "block": 1, "order": 0, "title": "Welcome", "description": "<p>\u00a0</p>\n\n<p>We provide business solutions using open source software</p>\n\n<p>\u00a0</p>\n\n<p>\u00a0</p>", "article_type": "text_left", "image_size": "1-4", "link": null, "picture": 8}}, {"model": "compose.article", "pk": 2, "fields": {"created": "2017-04-06T09:51:49.633Z", "modified": "2017-04-06T10:00:10.149Z", "moderate_state": 3, "date_moderated": "2017-04-06T10:00:10.149Z", "user_moderated": 5, "edit_state": 1, "block": 1, "order": 0, "title": "Welcome", "description": "<p>We provide business solutions using open source software</p>", "article_type": "text_left", "image_size": "1-4", "link": null, "picture": 8}}, {"model": "compose.article", "pk": 3, "fields": {"created": "2017-04-06T09:52:23.578Z", "modified": "2017-04-06T09:59:29.920Z", "moderate_state": 1, "date_moderated": null, "user_moderated": null, "edit_state": 3, "block": 2, "order": 1, "title": "", "description": "<p>\u00a0</p>\n\n<p>\u00a0</p>\n\n<p>We specialise in databases on the internet and work hard to make them simple and intuitive.</p>\n\n<p>\u00a0</p>\n\n<p>\u00a0</p>", "article_type": "text_right", "image_size": "1-4", "link": null, "picture": 9}}, {"model": "compose.article", "pk": 5, "fields": {"created": "2017-04-06T09:54:49.117Z", "modified": "2017-04-06T09:59:33.518Z", "moderate_state": 1, "date_moderated": null, "user_moderated": null, "edit_state": 3, "block": 3, "order": 2, "title": "", "description": "<p>\u00a0</p>\n\n<p>\u00a0</p>\n\n<p>We always ensure our partners have full access to their source code, data and content so they can modify it, as and when they want.</p>", "article_type": "text_left", "image_size": "1-4", "link": null, "picture": 10}}, {"model": "compose.article", "pk": 6, "fields": {"created": "2017-04-06T09:58:39.890Z", "modified": "2017-04-06T09:59:33.490Z", "moderate_state": 3, "date_moderated": "2017-04-06T09:59:33.490Z", "user_moderated": 5, "edit_state": 1, "block": 3, "order": 2, "title": "", "description": "<p>We always ensure our partners have full access to their source code, data and content so they can modify it, as and when they want.</p>", "article_type": "text_left", "image_size": "1-4", "link": null, "picture": 10}}, {"model": "compose.article", "pk": 7, "fields": {"created": "2017-04-06T09:59:04.399Z", "modified": "2017-04-06T09:59:29.895Z", "moderate_state": 3, "date_moderated": "2017-04-06T09:59:29.895Z", "user_moderated": 5, "edit_state": 2, "block": 2, "order": 1, "title": "", "description": "<p>We specialise in databases on the internet and work hard to make them simple and intuitive.</p>\n\n<p>\u00a0</p>\n\n<p>\u00a0</p>", "article_type": "text_right", "image_size": "1-4", "link": null, "picture": 9}}, {"model": "compose.article", "pk": 8, "fields": {"created": "2017-04-06T09:59:29.912Z", "modified": "2017-04-06T09:59:29.912Z", "moderate_state": 2, "date_moderated": "2017-04-06T09:59:29.911Z", "user_moderated": 5, "edit_state": 2, "block": 2, "order": 1, "title": "", "description": "<p>\u00a0</p>\n\n<p>\u00a0</p>\n\n<p>We specialise in databases on the internet and work hard to make them simple and intuitive.</p>\n\n<p>\u00a0</p>\n\n<p>\u00a0</p>", "article_type": "text_right", "image_size": "1-4", "link": null, "picture": 9}}, {"model": "compose.article", "pk": 9, "fields": {"created": "2017-04-06T09:59:33.508Z", "modified": "2017-04-06T09:59:33.508Z", "moderate_state": 2, "date_moderated": "2017-04-06T09:59:33.508Z", "user_moderated": 5, "edit_state": 2, "block": 3, "order": 2, "title": "", "description": "<p>\u00a0</p>\n\n<p>\u00a0</p>\n\n<p>We always ensure our partners have full access to their source code, data and content so they can modify it, as and when they want.</p>", "article_type": "text_left", "image_size": "1-4", "link": null, "picture": 10}}, {"model": "compose.article", "pk": 10, "fields": {"created": "2017-04-06T10:00:10.168Z", "modified": "2017-04-06T10:00:10.168Z", "moderate_state": 2, "date_moderated": "2017-04-06T10:00:10.168Z", "user_moderated": 5, "edit_state": 2, "block": 1, "order": 0, "title": "Welcome", "description": "<p>\u00a0</p>\n\n<p>We provide business solutions using open source software</p>\n\n<p>\u00a0</p>\n\n<p>\u00a0</p>", "article_type": "text_left", "image_size": "1-4", "link": null, "picture": 8}}, {"model": "compose.slideshowblock", "pk": 1, "fields": {"created": "2017-03-14T11:17:58.242Z", "modified": "2017-03-14T11:17:58.242Z", "page_section": 9}}, {"model": "compose.slideshowblock", "pk": 2, "fields": {"created": "2017-03-14T11:56:24.605Z", "modified": "2017-03-14T11:56:24.605Z", "page_section": 3}}, {"model": "compose.slideshow", "pk": 1, "fields": {"created": "2017-03-14T11:17:58.320Z", "modified": "2017-03-14T11:27:39.009Z", "moderate_state": 1, "date_moderated": null, "user_moderated": null, "edit_state": 3, "block": 1, "order": 0, "title": "Home Slideshow", "description": ""}}, {"model": "compose.slideshow", "pk": 2, "fields": {"created": "2017-03-14T11:27:38.930Z", "modified": "2017-03-14T11:27:38.930Z", "moderate_state": 2, "date_moderated": "2017-03-14T11:27:38.929Z", "user_moderated": 5, "edit_state": 1, "block": 1, "order": 0, "title": "Home Slideshow", "description": ""}}, {"model": "compose.slideshow", "pk": 3, "fields": {"created": "2017-03-14T11:56:24.665Z", "modified": "2017-04-06T09:41:25.970Z", "moderate_state": 1, "date_moderated": null, "user_moderated": null, "edit_state": 3, "block": 2, "order": 0, "title": "Home Slideshow", "description": ""}}, {"model": "compose.slideshow", "pk": 4, "fields": {"created": "2017-03-14T11:56:48.185Z", "modified": "2017-04-06T09:41:25.936Z", "moderate_state": 3, "date_moderated": "2017-04-06T09:41:25.936Z", "user_moderated": 5, "edit_state": 1, "block": 2, "order": 0, "title": "Home Slideshow", "description": ""}}, {"model": "compose.slideshow", "pk": 5, "fields": {"created": "2017-04-06T09:41:25.952Z", "modified": "2017-04-06T09:41:25.952Z", "moderate_state": 2, "date_moderated": "2017-04-06T09:41:25.952Z", "user_moderated": 5, "edit_state": 2, "block": 2, "order": 0, "title": "Home Slideshow", "description": ""}}, {"model": "compose.slideshowimage", "pk": 1, "fields": {"content": 1, "image": 2, "order": 1}}, {"model": "compose.slideshowimage", "pk": 2, "fields": {"content": 2, "image": 2, "order": 1}}, {"model": "compose.slideshowimage", "pk": 4, "fields": {"content": 4, "image": 2, "order": 1}}, {"model": "compose.slideshowimage", "pk": 7, "fields": {"content": 3, "image": 6, "order": 1}}, {"model": "compose.slideshowimage", "pk": 8, "fields": {"content": 5, "image": 6, "order": 1}}, {"model": "compose.featureblock", "pk": 1, "fields": {"created": "2017-03-14T11:12:46.711Z", "modified": "2017-03-14T11:12:46.711Z", "page_section": 8}}, {"model": "compose.featureblock", "pk": 2, "fields": {"created": "2017-03-14T11:28:00.900Z", "modified": "2017-03-14T11:28:00.900Z", "page_section": 8}}, {"model": "compose.featureblock", "pk": 3, "fields": {"created": "2017-03-14T11:57:05.067Z", "modified": "2017-03-14T11:57:05.067Z", "page_section": 2}}, {"model": "compose.featureblock", "pk": 4, "fields": {"created": "2017-03-14T11:57:39.975Z", "modified": "2017-03-14T11:57:39.975Z", "page_section": 2}}, {"model": "compose.featureblock", "pk": 5, "fields": {"created": "2017-03-14T11:58:15.505Z", "modified": "2017-03-14T11:58:15.506Z", "page_section": 2}}, {"model": "compose.featureblock", "pk": 6, "fields": {"created": "2017-03-14T11:59:07.326Z", "modified": "2017-03-14T11:59:07.327Z", "page_section": 2}}, {"model": "compose.feature", "pk": 1, "fields": {"created": "2017-03-14T11:12:46.819Z", "modified": "2017-03-14T11:17:42.668Z", "moderate_state": 1, "date_moderated": null, "user_moderated": null, "edit_state": 3, "block": 1, "order": 0, "title": "Technical", "description": "", "picture": 1, "link": null, "style": null}}, {"model": "compose.feature", "pk": 2, "fields": {"created": "2017-03-14T11:17:42.626Z", "modified": "2017-03-14T11:17:42.626Z", "moderate_state": 2, "date_moderated": "2017-03-14T11:17:42.625Z", "user_moderated": 5, "edit_state": 1, "block": 1, "order": 0, "title": "Technical", "description": "", "picture": 1, "link": null, "style": null}}, {"model": "compose.feature", "pk": 3, "fields": {"created": "2017-03-14T11:28:00.959Z", "modified": "2017-03-14T11:55:52.813Z", "moderate_state": 1, "date_moderated": null, "user_moderated": null, "edit_state": 3, "block": 2, "order": 1, "title": "Workflow", "description": "", "picture": 3, "link": null, "style": null}}, {"model": "compose.feature", "pk": 4, "fields": {"created": "2017-03-14T11:55:52.743Z", "modified": "2017-03-14T11:55:52.743Z", "moderate_state": 2, "date_moderated": "2017-03-14T11:55:52.742Z", "user_moderated": 5, "edit_state": 1, "block": 2, "order": 1, "title": "Workflow", "description": "", "picture": 3, "link": null, "style": null}}, {"model": "compose.feature", "pk": 5, "fields": {"created": "2017-03-14T11:57:05.125Z", "modified": "2017-03-14T11:57:21.607Z", "moderate_state": 1, "date_moderated": null, "user_moderated": null, "edit_state": 3, "block": 3, "order": 0, "title": "Workflow", "description": "", "picture": 1, "link": null, "style": null}}, {"model": "compose.feature", "pk": 6, "fields": {"created": "2017-03-14T11:57:21.563Z", "modified": "2017-03-14T11:57:21.563Z", "moderate_state": 2, "date_moderated": "2017-03-14T11:57:21.562Z", "user_moderated": 5, "edit_state": 1, "block": 3, "order": 0, "title": "Workflow", "description": "", "picture": 1, "link": null, "style": null}}, {"model": "compose.feature", "pk": 7, "fields": {"created": "2017-03-14T11:57:40.041Z", "modified": "2017-03-14T12:58:49.024Z", "moderate_state": 1, "date_moderated": null, "user_moderated": null, "edit_state": 3, "block": 4, "order": 1, "title": "Technical", "description": "", "picture": 3, "link": null, "style": null}}, {"model": "compose.feature", "pk": 8, "fields": {"created": "2017-03-14T11:58:15.565Z", "modified": "2017-03-14T12:58:55.017Z", "moderate_state": 1, "date_moderated": null, "user_moderated": null, "edit_state": 3, "block": 5, "order": 2, "title": "Portfolio", "description": "", "picture": 4, "link": null, "style": null}}, {"model": "compose.feature", "pk": 9, "fields": {"created": "2017-03-14T11:59:07.389Z", "modified": "2017-03-14T12:59:00.681Z", "moderate_state": 1, "date_moderated": null, "user_moderated": null, "edit_state": 3, "block": 6, "order": 3, "title": "About", "description": "", "picture": 5, "link": null, "style": null}}, {"model": "compose.feature", "pk": 10, "fields": {"created": "2017-03-14T12:58:48.983Z", "modified": "2017-03-14T12:58:48.983Z", "moderate_state": 2, "date_moderated": "2017-03-14T12:58:48.982Z", "user_moderated": 5, "edit_state": 1, "block": 4, "order": 1, "title": "Technical", "description": "", "picture": 3, "link": null, "style": null}}, {"model": "compose.feature", "pk": 11, "fields": {"created": "2017-03-14T12:58:54.975Z", "modified": "2017-03-14T12:58:54.975Z", "moderate_state": 2, "date_moderated": "2017-03-14T12:58:54.975Z", "user_moderated": 5, "edit_state": 1, "block": 5, "order": 2, "title": "Portfolio", "description": "", "picture": 4, "link": null, "style": null}}, {"model": "compose.feature", "pk": 12, "fields": {"created": "2017-03-14T12:59:00.640Z", "modified": "2017-03-14T12:59:00.640Z", "moderate_state": 2, "date_moderated": "2017-03-14T12:59:00.639Z", "user_moderated": 5, "edit_state": 1, "block": 6, "order": 3, "title": "About", "description": "", "picture": 5, "link": null, "style": null}}]